Sheraton Grand Conakry,9.6067769,-13.6539771
Hotel Palm Camayenne,9.535487099999999,-13.6886963
