Hôtel l’Amitié Bamako,12.6392656,-7.9940011
AZALAÏ HOTEL BAMAKO (SALAM),12.62937,-8.008075999999999
Laico Hôtel El Farouk Bamako,12.6332002,-7.9952989
